{
  "pesos": [
    0.13671270545463604,
    0.31599491677728014,
    0.0165927452017517,
    0.12433170951219208,
    0.40636792305414
  ],
  "fitness": 1.0
}