{
  "pesos": [
    0.753674091776368,
    3.9629239137174506,
    5.030837117886003,
    148.2364230195506,
    10117.842584065282,
    42.96861266383227,
    123.58097965945207,
    1.5488883971484284
  ],
  "n_pesos": 8
}